id,color_image,thermal_image,hotspot_id,PB_ID,hotspot_type,species_id,species_confidence,fog,thermal_x,thermal_y,color_left,color_top,color_right,color_bottom,updated_left,updated_top,updated_right,updated_bottom,updated,status
13744,CHESS2016_N94S_FL12_C__20160422001727.393GMT_COLOR-8-BIT.JPG,CHESS2016_N94S_FL12_C__20160422001727.393GMT_THERM-16BIT.PNG,79628,PB001,Animal,Polar Bear,100%,No,545,362,5199,2662,5338,2745,5199,2662,5338,2745,TRUE,adult
57711,CHESS2016_N94S_FL12_S__20160422002008.487GMT_COLOR-8-BIT.JPG,CHESS2016_N94S_FL12_S__20160422002008.487GMT_THERM-16BIT.PNG,78490,PB001,Animal,Polar Bear,100%,No,405,63,4120,312,4180,446,4120,312,4180,446,TRUE,adult
272659,CHESS2016_N94S_FL19_S__20160510221428.054GMT_COLOR-8-BIT.JPG,CHESS2016_N94S_FL19_S__20160510221428.054GMT_THERM-16BIT.PNG,80827,PB002,Animal,Polar Bear,100%,No,378,128,3984,874,4010,923,3984,874,4010,923,TRUE,adult-bad_res
-1,CHESS2016_N94S_FL19_S__20160510221428.054GMT_COLOR-8-BIT.JPG,CHESS2016_N94S_FL19_S__20160510221428.054GMT_THERM-16BIT.PNG,,PB002s,Animal,Polar Bear,,No,N/A,N/A,N/A,N/A,N/A,N/A,3984,874,4017,928,TRUE,adult-bad_res
337522,CHESS2016_N94S_FL20_C__20160511234351.795GMT_COLOR-8-BIT.JPG,CHESS2016_N94S_FL20_C__20160511234351.795GMT_THERM-16BIT.PNG,192846,PB003,Animal,Polar Bear,100%,No,455,171,4423,1175,4476,1229,4423,1175,4476,1229,TRUE,cub
-1,CHESS2016_N94S_FL20_C__20160511234351.795GMT_COLOR-8-BIT.JPG,CHESS2016_N94S_FL20_C__20160511234351.795GMT_THERM-16BIT.PNG,,PB004,Animal,Polar Bear,,No,N/A,N/A,N/A,N/A,N/A,N/A,4407,1160,4466,1201,TRUE,cub
337589,CHESS2016_N94S_FL20_C__20160511234448.643GMT_COLOR-8-BIT.JPG,CHESS2016_N94S_FL20_C__20160511234448.643GMT_THERM-16BIT.PNG,192850,,Duplicate,Polar Bear,100%,No,380,156,3439,641,3951,1153,N/A,N/A,N/A,N/A,FALSE,
337590,CHESS2016_N94S_FL20_C__20160511234449.377GMT_COLOR-8-BIT.JPG,CHESS2016_N94S_FL20_C__20160511234449.377GMT_THERM-16BIT.PNG,192851,,Duplicate,Polar Bear,100%,No,338,445,2966,3852,3478,4364,N/A,N/A,N/A,N/A,FALSE,
337592,CHESS2016_N94S_FL20_C__20160511234450.891GMT_COLOR-8-BIT.JPG,CHESS2016_N94S_FL20_C__20160511234450.891GMT_THERM-16BIT.PNG,192852,,Duplicate,Polar Bear,100%,No,230,144,1761,702,2273,1214,N/A,N/A,N/A,N/A,FALSE,
337593,CHESS2016_N94S_FL20_C__20160511234451.779GMT_COLOR-8-BIT.JPG,CHESS2016_N94S_FL20_C__20160511234451.779GMT_THERM-16BIT.PNG,192853,,Duplicate,Polar Bear,100%,No,207,459,1572,4000,2084,4512,N/A,N/A,N/A,N/A,FALSE,
337649,CHESS2016_N94S_FL20_C__20160511234539.348GMT_COLOR-8-BIT.JPG,CHESS2016_N94S_FL20_C__20160511234538.500GMT_THERM-16BIT.PNG,192855,,Duplicate,Polar Bear,100%,No,404,39,3716,3237,4228,3749,N/A,N/A,N/A,N/A,FALSE,
337650,CHESS2016_N94S_FL20_C__20160511234539.348GMT_COLOR-8-BIT.JPG,CHESS2016_N94S_FL20_C__20160511234539.348GMT_THERM-16BIT.PNG,192856,,Duplicate,Polar Bear,100%,No,417,378,3717,3237,4229,3749,N/A,N/A,N/A,N/A,FALSE,
350311,CHESS2016_N94S_FL20_P__20160511233901.340GMT_COLOR-8-BIT.JPG,CHESS2016_N94S_FL20_P__20160511233901.340GMT_THERM-16BIT.PNG,193710,PB005,Animal,Polar Bear,100%,No,234,191,2023,644,2535,1156,2251,859,2307,940,TRUE,adult
350312,CHESS2016_N94S_FL20_P__20160511233901.340GMT_COLOR-8-BIT.JPG,CHESS2016_N94S_FL20_P__20160511233902.495GMT_THERM-16BIT.PNG,193711,PB005s,Duplicate,Polar Bear,100%,No,261,487,1979,629,2491,1141,2229,858,2308,951,TRUE,adult
350496,CHESS2016_N94S_FL20_P__20160511234137.209GMT_COLOR-8-BIT.JPG,CHESS2016_N94S_FL20_P__20160511234136.442GMT_THERM-16BIT.PNG,193714,PB005,Duplicate,Polar Bear,100%,No,290,14,2908,2444,3420,2956,3155,2661,3261,2733,TRUE,adult
350497,CHESS2016_N94S_FL20_P__20160511234137.209GMT_COLOR-8-BIT.JPG,CHESS2016_N94S_FL20_P__20160511234137.209GMT_THERM-16BIT.PNG,193715,,Duplicate,Polar Bear,100%,No,313,316,2952,2444,3464,2956,N/A,N/A,N/A,N/A,FALSE,
402637,CHESS2016_N94S_FL22_C__20160517001218.856GMT_COLOR-8-BIT.JPG,CHESS2016_N94S_FL22_C__20160517001218.856GMT_THERM-16BIT.PNG,85373,PB006,Animal,Polar Bear,100%,No,88,234,384,1689,896,2201,608,1879,706,1986,TRUE,adult
561086,CHESS2016_N94S_FL27_C__20160530011101.080GMT_COLOR-8-BIT.JPG,CHESS2016_N94S_FL27_C__20160530011101.080GMT_THERM-16BIT.PNG,202438,,Animal,Polar Bear,100%,No,545,210,5056,1300,5568,1812,N/A,N/A,N/A,N/A,FALSE,
561996,CHESS2016_N94S_FL27_C__20160530012411.163GMT_COLOR-8-BIT.JPG,CHESS2016_N94S_FL27_C__20160530012411.163GMT_THERM-16BIT.PNG,202455,PB008,Animal,Polar Bear,100%,No,299,482,2371,3677,2883,4189,2527,3753,2701,4045,TRUE,adult
-1,CHESS2016_N94S_FL27_C__20160530012411.163GMT_COLOR-8-BIT.JPG,CHESS2016_N94S_FL27_C__20160530012411.163GMT_THERM-16BIT.PNG,,PB008s,Animal,Polar Bear,,No,N/A,N/A,N/A,N/A,N/A,N/A,2498,3477,2703,4045,TRUE,adult
562004,CHESS2016_N94S_FL27_C__20160530012418.586GMT_COLOR-8-BIT.JPG,CHESS2016_N94S_FL27_C__20160530012418.586GMT_THERM-16BIT.PNG,202456,PB014,Animal,Polar Bear,100%,No,101,385,77,2400,589,2912,220,2602,476,2734,TRUE,adult
-1,CHESS2016_N94S_FL27_C__20160530012418.586GMT_COLOR-8-BIT.JPG,CHESS2016_N94S_FL27_C__20160530012418.586GMT_THERM-16BIT.PNG,,PB014s,Animal,Polar Bear,,No,N/A,N/A,N/A,N/A,N/A,N/A,219,2331,478,2733,TRUE,adult
575694,CHESS2016_N94S_FL27_P__20160530012157.240GMT_COLOR-8-BIT.JPG,CHESS2016_N94S_FL27_P__20160530012157.240GMT_THERM-16BIT.PNG,203564,,Animal,Polar Bear,100%,No,75,475,121,3213,633,3725,N/A,N/A,N/A,N/A,FALSE,
575834,CHESS2016_N94S_FL27_P__20160530012356.875GMT_COLOR-8-BIT.JPG,CHESS2016_N94S_FL27_P__20160530012356.875GMT_THERM-16BIT.PNG,203565,,Duplicate,Polar Bear,100%,No,468,461,4200,3300,4712,3812,N/A,N/A,N/A,N/A,FALSE,
589639,CHESS2016_N94S_FL27_S__20160530012051.009GMT_COLOR-8-BIT.JPG,CHESS2016_N94S_FL27_S__20160530012051.009GMT_THERM-16BIT.PNG,201663,PB011,Animal,Polar Bear,100%,No,381,390,3588,2660,4100,3172,3727,2826,3986,2991,true,adult
590060,CHESS2016_N94S_FL27_S__20160530012644.255GMT_COLOR-8-BIT.JPG,CHESS2016_N94S_FL27_S__20160530012644.255GMT_THERM-16BIT.PNG,201668,,Animal,Polar Bear,100%,No,458,219,4113,1384,4625,1896,N/A,N/A,N/A,N/A,FALSE,
590067,CHESS2016_N94S_FL27_S__20160530012650.122GMT_COLOR-8-BIT.JPG,CHESS2016_N94S_FL27_S__20160530012650.122GMT_THERM-16BIT.PNG,201669,,Duplicate,Polar Bear,100%,No,239,73,1845,105,2357,617,N/A,N/A,N/A,N/A,FALSE,
622779,CHESS2016_N94S_FL29_C__20160601004437.990GMT_COLOR-8-BIT.JPG,CHESS2016_N94S_FL29_C__20160601004437.203GMT_THERM-16BIT.PNG,205163,,Duplicate,Polar Bear,100%,No,347,43,2952,2647,3464,3159,N/A,N/A,N/A,N/A,FALSE,
622780,CHESS2016_N94S_FL29_C__20160601004437.990GMT_COLOR-8-BIT.JPG,CHESS2016_N94S_FL29_C__20160601004437.990GMT_THERM-16BIT.PNG,205164,,Animal,Polar Bear,100%,No,348,332,2936,2643,3448,3155,N/A,N/A,N/A,N/A,FALSE,
638809,CHESS2016_N94S_FL29_P__20160601004301.279GMT_COLOR-8-BIT.JPG,CHESS2016_N94S_FL29_P__20160601004300.552GMT_THERM-16BIT.PNG,206115,,Animal,Polar Bear,100%,No,481,26,5034,2088,5546,2600,N/A,N/A,N/A,N/A,FALSE,
655172,CHESS2016_N94S_FL29_S__20160601004411.092GMT_COLOR-8-BIT.JPG,CHESS2016_N94S_FL29_S__20160601004411.092GMT_THERM-16BIT.PNG,205037,,Animal,Polar Bear,100%,No,96,214,503,1748,1015,2260,N/A,N/A,N/A,N/A,FALSE,
815692,CHESS2016_N94S_FL6_P__20160413204106.093GMT_COLOR-8-BIT.JPG,CHESS2016_N94S_FL6_P__20160413204106.093GMT_THERM-16BIT.PNG,272788,PB019,Animal,Polar Bear,100%,No,83,362,-140,3169,372,3681,112,3444,183,3595,TRUE,adult
-1,CHESS2016_N94S_FL6_P__20160413204106.093GMT_COLOR-8-BIT.JPG,CHESS2016_N94S_FL6_P__20160413204106.093GMT_THERM-16BIT.PNG,,PB019s,Animal,Polar Bear,,No,N/A,N/A,N/A,N/A,N/A,N/A,86,3329,190,3595,TRUE,adult
908349,CHESS2016_N94S_FL8_C__20160415234346.414GMT_COLOR-8-BIT.JPG,CHESS2016_N94S_FL8_C__20160415234345.641GMT_THERM-16BIT.PNG,58714,,Duplicate,Polar Bear,100%,No,217,21,1729,2899,2241,3411,N/A,N/A,N/A,N/A,FALSE,
908350,CHESS2016_N94S_FL8_C__20160415234346.414GMT_COLOR-8-BIT.JPG,CHESS2016_N94S_FL8_C__20160415234346.414GMT_THERM-16BIT.PNG,58715,,Duplicate,Polar Bear,100%,No,233,388,1702,2916,2214,3428,N/A,N/A,N/A,N/A,FALSE,
-1,CHESS2016_N94S_FL8_P__20160415231242.791GMT_COLOR-8-BIT.JPG,,,,Animal,Polar Bear,,,N/A,N/A,N/A,N/A,N/A,N/A,6241,1281,6389,1395,TRUE,none
-1,001_polar_bear_2019_fl10_R_20190516_213647.307061_rgb.JPG,,,PB101,Animal,Polar Bear,,,,,3315,1995,3385,2109,3315,1995,3385,2109,true,adult-bad_res
-1,001_polar_bear_2019_fl10_R_20190516_213647.307061_rgb.JPG,,,PB101s,Animal,Polar Bear,,,,,3315,1967,3387,2109,3315,1967,3387,2109,true,adult-bad_res
-1,001_polar_bear_2019_fl10_R_20190516_213647.307061_rgb.JPG,,,PB102,Animal,Polar Bear,,,,,3262,2295,3353,2345,3262,2295,3353,2345,true,yearling-bad_res
-1,002_polar_bear_2019_fl10_R_20190516_213647.709101_rgb.JPG,,,PB101,Animal,Polar Bear,,,,,3398,4009,3449,4106,3398,4009,3449,4106,true,adult-bad_res
-1,002_polar_bear_2019_fl10_R_20190516_213647.709101_rgb.JPG,,,PB101s,Animal,Polar Bear,,,,,3398,3955,3454,4107,3398,3955,3454,4107,true,adult-bad_res
-1,002_polar_bear_2019_fl10_R_20190516_213647.709101_rgb.JPG,,,PB102,Animal,Polar Bear,,,,,3330,4275,3385,4347,3330,4275,3385,4347,true,yearling-bad_res
-1,003_polar_bear_2019_fl10_C_20190516_213908.735676_rgb.JPG,,,PB101,Animal,Polar Bear,,,,,3305,666,3375,779,3305,666,3375,779,true,adult
-1,003_polar_bear_2019_fl10_C_20190516_213908.735676_rgb.JPG,,,PB101s,Animal,Polar Bear,,,,,3287,664,3375,780,3287,664,3375,780,true,adult
-1,003_polar_bear_2019_fl10_C_20190516_213908.735676_rgb.JPG,,,PB102,Animal,Polar Bear,,,,,3368,846,3420,921,3368,846,3420,921,true,yearling
-1,003_polar_bear_2019_fl10_C_20190516_213908.735676_rgb.JPG,,,PB102s,Animal,Polar Bear,,,,,3344,847,3421,936,3344,847,3421,936,true,yearling
-1,004_polar_bear_2019_fl10_C_20190516_213909.424159_rgb.JPG,,,PB101,Animal,Polar Bear,,,,,3323,2763,3382,2867,3323,2763,3382,2867,true,adult
-1,004_polar_bear_2019_fl10_C_20190516_213909.424159_rgb.JPG,,,PB101s,Animal,Polar Bear,,,,,3267,2762,3384,2887,3267,2762,3384,2887,true,adult
-1,004_polar_bear_2019_fl10_C_20190516_213909.424159_rgb.JPG,,,PB102,Animal,Polar Bear,,,,,3376,2979,3430,3078,3376,2979,3430,3078,true,yearling
-1,004_polar_bear_2019_fl10_C_20190516_213909.424159_rgb.JPG,,,PB102s,Animal,Polar Bear,,,,,3349,2977,3429,3084,3349,2977,3429,3084,true,yearling
-1,005_polar_bear_2019_fl10_L_20190516_214038.871274_rgb.JPG,,,PB101,Animal,Polar Bear,,,,,5836,1574,5940,1628,5836,1574,5940,1628,true,adult
-1,005_polar_bear_2019_fl10_L_20190516_214038.871274_rgb.JPG,,,PB101s,Animal,Polar Bear,,,,,5805,1574,5941,1650,5805,1574,5941,1650,true,adult
-1,005_polar_bear_2019_fl10_L_20190516_214038.871274_rgb.JPG,,,PB102,Animal,Polar Bear,,,,,5833,1622,5916,1685,5833,1622,5916,1685,true,yearling
-1,005_polar_bear_2019_fl10_L_20190516_214038.871274_rgb.JPG,,,PB102s,Animal,Polar Bear,,,,,5799,1623,5917,1706,5799,1623,5917,1706,true,yearling
-1,006_polar_bear_2019_fl10_L_20190516_214039.647498_rgb.JPG,,,PB101,Animal,Polar Bear,,,,,6361,3693,6464,3760,6361,3693,6464,3760,true,adult
-1,006_polar_bear_2019_fl10_L_20190516_214039.647498_rgb.JPG,,,PB101s,Animal,Polar Bear,,,,,6329,3692,6466,3776,6329,3692,6466,3776,true,adult
-1,006_polar_bear_2019_fl10_L_20190516_214039.647498_rgb.JPG,,,PB102,Animal,Polar Bear,,,,,6355,3740,6437,3814,6355,3740,6437,3814,true,yearling
-1,006_polar_bear_2019_fl10_L_20190516_214039.647498_rgb.JPG,,,PB102s,Animal,Polar Bear,,,,,6330,3741,6438,3814,6330,3741,6438,3814,true,yearling
-1,007_polar_bear_2019_fl10_L_20190516_214201.256925_rgb.JPG,,,PB101,Animal,Polar Bear,,,,,4117,442,4189,544,4117,442,4189,544,true,adult
-1,007_polar_bear_2019_fl10_L_20190516_214201.256925_rgb.JPG,,,PB101s,Animal,Polar Bear,,,,,4098,441,4189,562,4098,441,4189,562,true,adult
-1,007_polar_bear_2019_fl10_L_20190516_214201.256925_rgb.JPG,,,PB102,Animal,Polar Bear,,,,,4068,592,4128,680,4068,592,4128,680,true,yearling
-1,007_polar_bear_2019_fl10_L_20190516_214201.256925_rgb.JPG,,,PB102s,Animal,Polar Bear,,,,,4050,591,4129,696,4050,591,4129,696,true,yearling
-1,008_polar_bear_2019_fl10_L_20190516_214202.006311_rgb.JPG,,,PB101,Animal,Polar Bear,,,,,3876,2279,3961,2361,3876,2279,3961,2361,true,adult
-1,008_polar_bear_2019_fl10_L_20190516_214202.006311_rgb.JPG,,,PB101s,Animal,Polar Bear,,,,,3856,2279,3963,2380,3856,2279,3963,2380,true,adult
-1,008_polar_bear_2019_fl10_L_20190516_214202.006311_rgb.JPG,,,PB102,Animal,Polar Bear,,,,,3827,2393,3881,2492,3827,2393,3881,2492,true,yearling
-1,008_polar_bear_2019_fl10_L_20190516_214202.006311_rgb.JPG,,,PB102s,Animal,Polar Bear,,,,,3814,2391,3883,2498,3814,2391,3883,2498,true,yearling
-1,009_polar_bear_2019_fl10_L_20190516_214202.761314_rgb.JPG,,,PB101,Animal,Polar Bear,,,,,3655,4138,3732,4211,3655,4138,3732,4211,true,adult
-1,009_polar_bear_2019_fl10_L_20190516_214202.761314_rgb.JPG,,,PB101s,Animal,Polar Bear,,,,,3632,4138,3733,4226,3632,4138,3733,4226,true,adult
-1,009_polar_bear_2019_fl10_L_20190516_214202.761314_rgb.JPG,,,PB102,Animal,Polar Bear,,,,,3607,4201,3657,4295,3607,4201,3657,4295,true,yearling
-1,009_polar_bear_2019_fl10_L_20190516_214202.761314_rgb.JPG,,,PB102s,Animal,Polar Bear,,,,,3590,4202,3657,4306,3590,4202,3657,4306,true,yearling
-1,010_polar_bear_2019_fl10_R_20190516_214404.532608_rgb.JPG,,,PB101,Animal,Polar Bear,,,,,134,2672,256,2723,134,2672,256,2723,true,adult-bad_res
-1,010_polar_bear_2019_fl10_R_20190516_214404.532608_rgb.JPG,,,PB101s,Animal,Polar Bear,,,,,80,2671,255,2732,80,2671,255,2732,true,adult-bad_res
-1,011_polar_bear_2019_fl10_C_20190516_214815.238825_rgb.JPG,,,PB101,Animal,Polar Bear,,,,,3235,1245,3295,1370,3235,1245,3295,1370,true,adult
-1,011_polar_bear_2019_fl10_C_20190516_214815.238825_rgb.JPG,,,PB101s,Animal,Polar Bear,,,,,3203,1245,3295,1369,3203,1245,3295,1369,true,adult
-1,011_polar_bear_2019_fl10_C_20190516_214815.238825_rgb.JPG,,,PB102,Animal,Polar Bear,,,,,3206,1340,3250,1442,3206,1340,3250,1442,true,yearling
-1,011_polar_bear_2019_fl10_C_20190516_214815.238825_rgb.JPG,,,PB102s,Animal,Polar Bear,,,,,3171,1340,3252,1446,3171,1340,3252,1446,true,yearling
-1,012_polar_bear_2019_fl10_C_20190516_214816.197468_rgb.JPG,,,PB101,Animal,Polar Bear,,,,,2990,3358,3064,3468,2990,3358,3064,3468,true,adult
-1,012_polar_bear_2019_fl10_C_20190516_214816.197468_rgb.JPG,,,PB101s,Animal,Polar Bear,,,,,2956,3357,3066,3473,2956,3357,3066,3473,true,adult
-1,012_polar_bear_2019_fl10_C_20190516_214816.197468_rgb.JPG,,,PB102,Animal,Polar Bear,,,,,2958,3439,3005,3562,2958,3439,3005,3562,true,yearling
-1,012_polar_bear_2019_fl10_C_20190516_214816.197468_rgb.JPG,,,PB102s,Animal,Polar Bear,,,,,2923,3438,3007,3563,2923,3438,3007,3563,true,yearling
-1,013_polar_bear_2019_fl10_C_20190516_215224.805373_rgb.JPG,,,PB101,Animal,Polar Bear,,,,,1435,1696,1507,1826,1435,1696,1507,1826,true,adult
-1,013_polar_bear_2019_fl10_C_20190516_215224.805373_rgb.JPG,,,PB101s,Animal,Polar Bear,,,,,1412,1695,1507,1828,1412,1695,1507,1828,true,adult
-1,013_polar_bear_2019_fl10_C_20190516_215224.805373_rgb.JPG,,,PB102,Animal,Polar Bear,,,,,1474,1555,1525,1655,1474,1555,1525,1655,true,yearling
-1,013_polar_bear_2019_fl10_C_20190516_215224.805373_rgb.JPG,,,PB102s,Animal,Polar Bear,,,,,1442,1555,1526,1655,1442,1555,1526,1655,true,yearling
-1,014_polar_bear_2019_fl10_C_20190516_215225.666433_rgb.JPG,,,PB101,Animal,Polar Bear,,,,,1473,3900,1538,4017,1473,3900,1538,4017,true,adult
-1,014_polar_bear_2019_fl10_C_20190516_215225.666433_rgb.JPG,,,PB101s,Animal,Polar Bear,,,,,1442,3898,1539,4023,1442,3898,1539,4023,true,adult
-1,014_polar_bear_2019_fl10_C_20190516_215225.666433_rgb.JPG,,,PB102,Animal,Polar Bear,,,,,1465,3753,1528,3846,1465,3753,1528,3846,true,yearling
-1,014_polar_bear_2019_fl10_C_20190516_215225.666433_rgb.JPG,,,PB102s,Animal,Polar Bear,,,,,1427,3752,1529,3851,1427,3752,1529,3851,true,yearling
-1,015_polar_bear_2019_fl10_R_20190516_215358.348631_rgb.JPG,,,PB101orPB102,Animal,Polar Bear,,,,,49,3307,207,3440,49,3307,207,3440,true,adult or yearling-bad_res
-1,015_polar_bear_2019_fl10_R_20190516_215358.348631_rgb.JPG,,,PB101orPB102s,Animal,Polar Bear,,,,,14,3305,209,3465,14,3305,209,3465,true,adult or yearling-bad_res
-1,016_polar_bear_2019_fl10_L_20190516_215512.736147_rgb.JPG,,,PB101orPB102,Animal,Polar Bear,,,,,6513,3085,6576,3151,6513,3085,6576,3151,true,adult or yearling-bad_res
-1,017_polar_bear_2019_fl10_R_20190516_215617.263662_rgb.JPG,,,PB101,Animal,Polar Bear,,,,,183,3212,260,3347,183,3212,260,3347,true,adult-bad_res
-1,017_polar_bear_2019_fl10_R_20190516_215617.263662_rgb.JPG,,,PB101s,Animal,Polar Bear,,,,,140,3202,261,3347,140,3202,261,3347,true,adult-bad_res
-1,017_polar_bear_2019_fl10_R_20190516_215617.263662_rgb.JPG,,,PB102,Animal,Polar Bear,,,,,192,3329,275,3412,192,3329,275,3412,true,yearling-bad_res
-1,017_polar_bear_2019_fl10_R_20190516_215617.263662_rgb.JPG,,,PB102s,Animal,Polar Bear,,,,,154,3329,274,3413,154,3329,274,3413,true,yearling-bad_res
-1,018_polar_bear_2019_fl10_L_20190516_215722.489378_rgb.JPG,,,PB101,Animal,Polar Bear,,,,,6529,1481,6576,1520,6529,1481,6576,1520,true,adult
-1,018_polar_bear_2019_fl10_L_20190516_215722.489378_rgb.JPG,,,PB101s,Animal,Polar Bear,,,,,6508,1482,6576,1585,6508,1482,6576,1585,true,adult
-1,018_polar_bear_2019_fl10_L_20190516_215722.489378_rgb.JPG,,,PB102,Animal,Polar Bear,,,,,6445,1655,6551,1725,6445,1655,6551,1725,true,yearling
-1,018_polar_bear_2019_fl10_L_20190516_215722.489378_rgb.JPG,,,PB102s,Animal,Polar Bear,,,,,6426,1655,6553,1753,6426,1655,6553,1753,true,yearling
-1,019_polar_bear_2019_fl10_L_20190516_215723.149742_rgb.JPG,,,PB101,Animal,Polar Bear,,,,,5268,3399,5397,3494,5268,3399,5397,3494,true,adult
-1,019_polar_bear_2019_fl10_L_20190516_215723.149742_rgb.JPG,,,PB101s,Animal,Polar Bear,,,,,5251,3399,5396,3515,5251,3399,5396,3515,true,adult
-1,019_polar_bear_2019_fl10_L_20190516_215723.149742_rgb.JPG,,,PB102,Animal,Polar Bear,,,,,5176,3572,5284,3647,5176,3572,5284,3647,true,yearling
-1,019_polar_bear_2019_fl10_L_20190516_215723.149742_rgb.JPG,,,PB102s,Animal,Polar Bear,,,,,5162,3572,5284,3669,5162,3572,5284,3669,true,yearling
-1,020_polar_bear_2019_fl10_C_20190516_215840.109380_rgb.JPG,,,PB101,Animal,Polar Bear,,,,,2078,1306,2174,1373,2078,1306,2174,1373,true,adult
-1,020_polar_bear_2019_fl10_C_20190516_215840.109380_rgb.JPG,,,PB101s,Animal,Polar Bear,,,,,2030,1307,2176,1373,2030,1307,2176,1373,true,adult
-1,020_polar_bear_2019_fl10_C_20190516_215840.109380_rgb.JPG,,,PB102,Animal,Polar Bear,,,,,2534,1584,2631,1629,2534,1584,2631,1629,true,yearling
-1,020_polar_bear_2019_fl10_C_20190516_215840.109380_rgb.JPG,,,PB102s,Animal,Polar Bear,,,,,2486,1576,2634,1631,2486,1576,2634,1631,true,yearling
-1,021_polar_bear_2019_fl10_C_20190516_215840.925365_rgb.JPG,,,PB101,Animal,Polar Bear,,,,,2133,3276,2235,3349,2133,3276,2235,3349,true,adult
-1,021_polar_bear_2019_fl10_C_20190516_215840.925365_rgb.JPG,,,PB101s,Animal,Polar Bear,,,,,2082,3277,2234,3349,2082,3277,2234,3349,true,adult
-1,021_polar_bear_2019_fl10_C_20190516_215840.925365_rgb.JPG,,,PB102,Animal,Polar Bear,,,,,2543,3534,2647,3598,2543,3534,2647,3598,true,yearling
-1,021_polar_bear_2019_fl10_C_20190516_215840.925365_rgb.JPG,,,PB102s,Animal,Polar Bear,,,,,2509,3525,2647,3598,2509,3525,2647,3598,true,yearling
-1,022_polar_bear_2019_fl10_L_20190516_215949.199814_rgb.JPG,,,PB101,Animal,Polar Bear,,,,,3384,97,3508,164,3384,97,3508,164,true,adult
-1,022_polar_bear_2019_fl10_L_20190516_215949.199814_rgb.JPG,,,PB101s,Animal,Polar Bear,,,,,3383,96,3508,202,3383,96,3508,202,true,adult
-1,023_polar_bear_2019_fl10_L_20190516_215949.807474_rgb.JPG,,,PB101,Animal,Polar Bear,,,,,2562,1795,2695,1853,2562,1795,2695,1853,true,adult
-1,023_polar_bear_2019_fl10_L_20190516_215949.807474_rgb.JPG,,,PB101s,Animal,Polar Bear,,,,,2562,1794,2694,1895,2562,1794,2694,1895,true,adult
-1,023_polar_bear_2019_fl10_L_20190516_215949.807474_rgb.JPG,,,PB102,Animal,Polar Bear,,,,,2910,1376,3002,1435,2910,1376,3002,1435,true,yearling
-1,023_polar_bear_2019_fl10_L_20190516_215949.807474_rgb.JPG,,,PB102s,Animal,Polar Bear,,,,,2909,1376,3002,1478,2909,1376,3002,1478,true,yearling
-1,024_polar_bear_2019_fl10_L_20190516_215950.415116_rgb.JPG,,,PB101,Animal,Polar Bear,,,,,2078,3436,2200,3502,2078,3436,2200,3502,true,adult
-1,024_polar_bear_2019_fl10_L_20190516_215950.415116_rgb.JPG,,,PB101s,Animal,Polar Bear,,,,,2078,3436,2198,3537,2078,3436,2198,3537,true,adult
-1,024_polar_bear_2019_fl10_L_20190516_215950.415116_rgb.JPG,,,PB102,Animal,Polar Bear,,,,,2435,3059,2513,3124,2435,3059,2513,3124,true,yearling
-1,024_polar_bear_2019_fl10_L_20190516_215950.415116_rgb.JPG,,,PB102s,Animal,Polar Bear,,,,,2435,3058,2514,3164,2435,3058,2514,3164,true,yearling
-1,025_polar_bear_2019_fl10_C_20190516_220114.862286_rgb.JPG,,,PB102,Animal,Polar Bear,,,,,3302,1,3354,103,3302,1,3354,103,true,yearling
-1,025_polar_bear_2019_fl10_C_20190516_220114.862286_rgb.JPG,,,PB102s,Animal,Polar Bear,,,,,3258,2,3355,104,3258,2,3355,104,true,yearling
-1,026_polar_bear_2019_fl10_C_20190516_220116.307030_rgb.JPG,,,PB101,Animal,Polar Bear,,,,,3546,1836,3600,1974,3546,1836,3600,1974,true,adult
-1,026_polar_bear_2019_fl10_C_20190516_220116.307030_rgb.JPG,,,PB101s,Animal,Polar Bear,,,,,3504,1822,3601,1975,3504,1822,3601,1975,true,adult
-1,026_polar_bear_2019_fl10_C_20190516_220116.307030_rgb.JPG,,,PB102,Animal,Polar Bear,,,,,3542,2005,3591,2126,3542,2005,3591,2126,true,yearling
-1,026_polar_bear_2019_fl10_C_20190516_220116.307030_rgb.JPG,,,PB102s,Animal,Polar Bear,,,,,3501,1994,3592,2127,3501,1994,3592,2127,true,yearling
-1,027_polar_bear_2019_fl10_C_20190516_220117.031913_rgb.JPG,,,PB101,Animal,Polar Bear,,,,,3877,3990,3934,4118,3877,3990,3934,4118,true,adult
-1,027_polar_bear_2019_fl10_C_20190516_220117.031913_rgb.JPG,,,PB101s,Animal,Polar Bear,,,,,3834,3971,3935,4118,3834,3971,3935,4118,true,adult
-1,027_polar_bear_2019_fl10_C_20190516_220117.031913_rgb.JPG,,,PB102,Animal,Polar Bear,,,,,3872,4160,3919,4266,3872,4160,3919,4266,true,yearling
-1,027_polar_bear_2019_fl10_C_20190516_220117.031913_rgb.JPG,,,PB102s,Animal,Polar Bear,,,,,3832,4150,3918,4267,3832,4150,3918,4267,true,yearling
-1,028_polar_bear_2019_fl10_C_20190516_220227.617607_rgb.JPG,,,PB101,Animal,Polar Bear,,,,,2428,1123,2508,1197,2428,1123,2508,1197,true,adult
-1,028_polar_bear_2019_fl10_C_20190516_220227.617607_rgb.JPG,,,PB101s,Animal,Polar Bear,,,,,2406,1124,2508,1250,2406,1124,2508,1250,true,adult
-1,028_polar_bear_2019_fl10_C_20190516_220227.617607_rgb.JPG,,,PB102,Animal,Polar Bear,,,,,2481,1123,2561,1169,2481,1123,2561,1169,true,yearling
-1,028_polar_bear_2019_fl10_C_20190516_220227.617607_rgb.JPG,,,PB102s,Animal,Polar Bear,,,,,2461,1123,2561,1220,2461,1123,2561,1220,true,yearling
-1,029_polar_bear_2019_fl10_C_20190516_220228.490410_rgb.JPG,,,PB101,Animal,Polar Bear,,,,,1771,3194,1859,3266,1771,3194,1859,3266,true,adult
-1,029_polar_bear_2019_fl10_C_20190516_220228.490410_rgb.JPG,,,PB101s,Animal,Polar Bear,,,,,1754,3193,1860,3299,1754,3193,1860,3299,true,adult
-1,029_polar_bear_2019_fl10_C_20190516_220228.490410_rgb.JPG,,,PB102,Animal,Polar Bear,,,,,1838,3185,1913,3243,1838,3185,1913,3243,true,yearling
-1,029_polar_bear_2019_fl10_C_20190516_220228.490410_rgb.JPG,,,PB102s,Animal,Polar Bear,,,,,1830,3185,1915,3277,1830,3185,1915,3277,true,yearling
-1,030_polar_bear_2019_fl10_R_20190516_220346.007612_rgb.JPG,,,PB101,Animal,Polar Bear,,,,,3948,1183,4014,1249,3948,1183,4014,1249,true,adult-bad_res
-1,030_polar_bear_2019_fl10_R_20190516_220346.007612_rgb.JPG,,,PB102,Animal,Polar Bear,,,,,3699,1385,3760,1446,3699,1385,3760,1446,true,yearling-bad_res
-1,031_polar_bear_2019_fl10_R_20190516_220346.626755_rgb.JPG,,,PB101,Animal,Polar Bear,,,,,4505,2946,4581,3046,4505,2946,4581,3046,true,adult-bad_res
-1,031_polar_bear_2019_fl10_R_20190516_220346.626755_rgb.JPG,,,PB102,Animal,Polar Bear,,,,,4271,3167,4345,3246,4271,3167,4345,3246,true,yearling-bad_res
-1,032_polar_bear_2019_fl10_L_20190516_220440.007927_rgb.JPG,,,PB102,Animal,Polar Bear,,,,,2786,1,2883,46,2786,1,2883,46,true,yearling
-1,032_polar_bear_2019_fl10_L_20190516_220440.007927_rgb.JPG,,,PB102s,Animal,Polar Bear,,,,,2785,1,2889,89,2785,1,2889,89,true,yearling
-1,033_polar_bear_2019_fl10_L_20190516_220440.533428_rgb.JPG,,,PB101,Animal,Polar Bear,,,,,1895,1644,2005,1703,1895,1644,2005,1703,true,adult
-1,033_polar_bear_2019_fl10_L_20190516_220440.533428_rgb.JPG,,,PB101s,Animal,Polar Bear,,,,,1895,1643,2005,1738,1895,1643,2005,1738,true,adult
-1,033_polar_bear_2019_fl10_L_20190516_220440.533428_rgb.JPG,,,PB102,Animal,Polar Bear,,,,,1933,1729,2030,1772,1933,1729,2030,1772,true,yearling
-1,033_polar_bear_2019_fl10_L_20190516_220440.533428_rgb.JPG,,,PB102s,Animal,Polar Bear,,,,,1933,1728,2036,1809,1933,1728,2036,1809,true,yearling
-1,034_polar_bear_2019_fl10_L_20190516_220441.064367_rgb.JPG,,,PB101,Animal,Polar Bear,,,,,1316,3344,1425,3406,1316,3344,1425,3406,true,adult
-1,034_polar_bear_2019_fl10_L_20190516_220441.064367_rgb.JPG,,,PB101s,Animal,Polar Bear,,,,,1316,3344,1433,3426,1316,3344,1433,3426,true,adult
-1,034_polar_bear_2019_fl10_L_20190516_220441.064367_rgb.JPG,,,PB102,Animal,Polar Bear,,,,,1353,3427,1457,3475,1353,3427,1457,3475,true,yearling
-1,034_polar_bear_2019_fl10_L_20190516_220441.064367_rgb.JPG,,,PB102s,Animal,Polar Bear,,,,,1353,3427,1456,3511,1353,3427,1456,3511,true,yearling
-1,035_polar_bear_2019_fl10_C_20190516_220652.430599_rgb.JPG,,,PB101,Animal,Polar Bear,,,,,1112,3368,1165,3487,1112,3368,1165,3487,true,adult
-1,035_polar_bear_2019_fl10_C_20190516_220652.430599_rgb.JPG,,,PB101s,Animal,Polar Bear,,,,,1113,3368,1197,3506,1113,3368,1197,3506,true,adult
-1,035_polar_bear_2019_fl10_C_20190516_220652.430599_rgb.JPG,,,PB102,Animal,Polar Bear,,,,,1084,3378,1136,3452,1084,3378,1136,3452,true,yearling
-1,036_polar_bear_2019_fl10_C_20190516_220858.285032_rgb.JPG,,,PB101,Animal,Polar Bear,,,,,4387,1,4436,68,4387,1,4436,68,true,adult
-1,036_polar_bear_2019_fl10_C_20190516_220858.285032_rgb.JPG,,,PB101s,Animal,Polar Bear,,,,,4346,1,4435,67,4346,1,4435,67,true,adult
-1,036_polar_bear_2019_fl10_C_20190516_220858.285032_rgb.JPG,,,PB102,Animal,Polar Bear,,,,,4395,214,4439,314,4395,214,4439,314,true,yearling
-1,036_polar_bear_2019_fl10_C_20190516_220858.285032_rgb.JPG,,,PB102s,Animal,Polar Bear,,,,,4357,213,4437,314,4357,213,4437,314,true,yearling
-1,037_polar_bear_2019_fl10_C_20190516_220859.202297_rgb.JPG,,,PB101,Animal,Polar Bear,,,,,5211,2130,5262,2241,5211,2130,5262,2241,true,adult
-1,037_polar_bear_2019_fl10_C_20190516_220859.202297_rgb.JPG,,,PB101s,Animal,Polar Bear,,,,,5147,2113,5263,2240,5147,2113,5263,2240,true,adult
-1,037_polar_bear_2019_fl10_C_20190516_220859.202297_rgb.JPG,,,PB102,Animal,Polar Bear,,,,,5226,2386,5267,2478,5226,2386,5267,2478,true,yearling
-1,037_polar_bear_2019_fl10_C_20190516_220859.202297_rgb.JPG,,,PB102s,Animal,Polar Bear,,,,,5188,2377,5267,2478,5188,2377,5267,2478,true,yearling
-1,038_polar_bear_2019_fl10_C_20190516_221032.139989_rgb.JPG,,,PB101,Animal,Polar Bear,,,,,398,964,498,1085,398,964,498,1085,true,adult
-1,038_polar_bear_2019_fl10_C_20190516_221032.139989_rgb.JPG,,,PB101s,Animal,Polar Bear,,,,,398,963,502,1126,398,963,502,1126,true,adult
-1,038_polar_bear_2019_fl10_C_20190516_221032.139989_rgb.JPG,,,PB102,Animal,Polar Bear,,,,,498,935,597,1041,498,935,597,1041,true,yearling
-1,038_polar_bear_2019_fl10_C_20190516_221032.139989_rgb.JPG,,,PB102s,Animal,Polar Bear,,,,,497,935,600,1087,497,935,600,1087,true,yearling
-1,039_polar_bear_2019_fl15_C_20190522_201642.951141_rgb.JPG,,,PB103,Animal,Polar Bear,,,,,2988,382,3105,585,2988,382,3105,585,true,adult
-1,039_polar_bear_2019_fl15_C_20190522_201642.951141_rgb.JPG,,,PB103s,Animal,Polar Bear,,,,,2987,381,3189,624,2987,381,3189,624,true,adult
-1,040_polar_bear_2019_fl15_C_20190522_201643.701126_rgb.JPG,,,PB103,Animal,Polar Bear,,,,,3161,4237,3304,4384,3161,4237,3304,4384,true,adult
-1,040_polar_bear_2019_fl15_C_20190522_201643.701126_rgb.JPG,,,PB103s,Animal,Polar Bear,,,,,3161,4238,3383,4384,3161,4238,3383,4384,true,adult
-1,041_polar_bear_2019_fl15_C_20190522_201800.200834_rgb.JPG,,,PB103,Animal,Polar Bear,,,,,5000,1372,5091,1545,5000,1372,5091,1545,true,adult
-1,041_polar_bear_2019_fl15_C_20190522_201800.200834_rgb.JPG,,,PB103s,Animal,Polar Bear,,,,,4908,1373,5095,1602,4908,1373,5095,1602,true,adult
-1,042_polar_bear_2019_fl15_C_20190522_202047.450174_rgb.JPG,,,PB103,Animal,Polar Bear,,,,,3035,364,3176,491,3035,364,3176,491,true,adult
-1,042_polar_bear_2019_fl15_C_20190522_202047.450174_rgb.JPG,,,PB103s,Animal,Polar Bear,,,,,3023,364,3180,621,3023,364,3180,621,true,adult
-1,043_polar_bear_2019_fl15_C_20190522_202048.200177_rgb.JPG,,,PB103,Animal,Polar Bear,,,,,2964,4055,3114,4191,2964,4055,3114,4191,true,adult
-1,043_polar_bear_2019_fl15_C_20190522_202048.200177_rgb.JPG,,,PB103s,Animal,Polar Bear,,,,,2956,4054,3114,4311,2956,4054,3114,4311,true,adult
-1,044_polar_bear_2019_fl15_C_20190522_202318.199586_rgb.JPG,,,PB103,Animal,Polar Bear,,,,,2746,3714,2931,3842,2746,3714,2931,3842,true,adult
-1,044_polar_bear_2019_fl15_C_20190522_202318.199586_rgb.JPG,,,PB103s,Animal,Polar Bear,,,,,2735,3713,2932,3906,2735,3713,2932,3906,true,adult
-1,045_polar_bear_2019_fl15_C_20190522_202602.449119_rgb.JPG,,,PB103,Animal,Polar Bear,,,,,1248,682,1325,894,1248,682,1325,894,true,adult
-1,045_polar_bear_2019_fl15_C_20190522_202602.449119_rgb.JPG,,,PB103s,Animal,Polar Bear,,,,,1248,681,1326,942,1248,681,1326,942,true,adult
-1,046_polar_bear_2019_fl15_C_20190522_202603.198961_rgb.JPG,,,PB103,Animal,Polar Bear,,,,,1527,4258,1590,4384,1527,4258,1590,4384,true,adult
-1,047_polar_bear_2019_fl15_C_20190522_203417.229365_rgb.JPG,,,PB103,Animal,Polar Bear,,,,,2588,530,2776,613,2588,530,2776,613,true,adult
-1,047_polar_bear_2019_fl15_C_20190522_203417.229365_rgb.JPG,,,PB103s,Animal,Polar Bear,,,,,2546,529,2777,710,2546,529,2777,710,true,adult
-1,048_polar_bear_2019_fl15_C_20190522_203417.620868_rgb.JPG,,,PB103,Animal,Polar Bear,,,,,2610,2735,2814,2828,2610,2735,2814,2828,true,adult
-1,048_polar_bear_2019_fl15_C_20190522_203417.620868_rgb.JPG,,,PB103s,Animal,Polar Bear,,,,,2568,2735,2814,2892,2568,2735,2814,2892,true,adult
-1,049_polar_bear_2019_fl15_C_20190522_203728.724435_rgb.JPG,,,PB103,Animal,Polar Bear,,,,,183,600,308,692,183,600,308,692,true,adult
-1,049_polar_bear_2019_fl15_C_20190522_203728.724435_rgb.JPG,,,PB103s,Animal,Polar Bear,,,,,183,599,356,753,183,599,356,753,true,adult
-1,050_polar_bear_2019_fl15_C_20190522_203729.289180_rgb.JPG,,,PB103,Animal,Polar Bear,,,,,210,2742,335,2845,210,2742,335,2845,true,adult
-1,050_polar_bear_2019_fl15_C_20190522_203729.289180_rgb.JPG,,,PB103s,Animal,Polar Bear,,,,,210,2742,377,2909,210,2742,377,2909,true,adult
-1,051_polar_bear_2019_fl15_C_20190522_204525.661653_rgb.JPG,,,PB103,Animal,Polar Bear,,,,,2927,122,2984,288,2927,122,2984,288,true,adult
-1,051_polar_bear_2019_fl15_C_20190522_204525.661653_rgb.JPG,,,PB103s,Animal,Polar Bear,,,,,2927,121,3007,303,2927,121,3007,303,true,adult
-1,052_polar_bear_2019_fl15_C_20190522_204526.276601_rgb.JPG,,,PB103,Animal,Polar Bear,,,,,2965,2274,3021,2416,2965,2274,3021,2416,true,adult
-1,052_polar_bear_2019_fl15_C_20190522_204526.276601_rgb.JPG,,,PB103s,Animal,Polar Bear,,,,,2965,2273,3053,2450,2965,2273,3053,2450,true,adult
-1,053_polar_bear_2019_fl15_R_20190522_213330.791215_rgb.JPG,,,PB104,Animal,Polar Bear,,,,,1767,1333,1902,1459,1767,1333,1902,1459,true,adult-bad_res
-1,053_polar_bear_2019_fl15_R_20190522_213330.791215_rgb.JPG,,,PB104s,Animal,Polar Bear,,,,,1767,1332,1904,1477,1767,1332,1904,1477,true,adult-bad_res
-1,054_polar_bear_2019_fl15_R_20190522_213331.255038_rgb.JPG,,,PB104,Animal,Polar Bear,,,,,1986,3625,2117,3717,1986,3625,2117,3717,true,adult-bad_res
-1,054_polar_bear_2019_fl15_R_20190522_213331.255038_rgb.JPG,,,PB104s,Animal,Polar Bear,,,,,1985,3625,2136,3788,1985,3625,2136,3788,true,adult-bad_res
-1,055_polar_bear_2019_fl15_C_20190522_213545.749330_rgb.JPG,,,PB104,Animal,Polar Bear,,,,,5922,247,5993,418,5922,247,5993,418,true,adult
-1,055_polar_bear_2019_fl15_C_20190522_213545.749330_rgb.JPG,,,PB104s,Animal,Polar Bear,,,,,5919,233,6037,420,5919,233,6037,420,true,adult
-1,056_polar_bear_2019_fl15_C_20190522_213546.287997_rgb.JPG,,,PB104,Animal,Polar Bear,,,,,5902,2733,5967,2882,5902,2733,5967,2882,true,adult
-1,056_polar_bear_2019_fl15_C_20190522_213546.287997_rgb.JPG,,,PB104s,Animal,Polar Bear,,,,,5899,2726,6005,2884,5899,2726,6005,2884,true,adult
-1,057_polar_bear_2019_fl15_R_20190522_214006.967630_rgb.JPG,,,PB104,Animal,Polar Bear,,,,,2550,2077,2661,2218,2550,2077,2661,2218,true,adult-bad_res
-1,057_polar_bear_2019_fl15_R_20190522_214006.967630_rgb.JPG,,,PB104s,Animal,Polar Bear,,,,,2501,2054,2661,2218,2501,2054,2661,2218,true,adult-bad_res
-1,058_polar_bear_2019_fl15_R_20190522_214158.659866_rgb.JPG,,,PB104,Animal,Polar Bear,,,,,287,33,437,249,287,33,437,249,true,adult-bad_res
-1,059_polar_bear_2019_fl15_R_20190522_214159.097408_rgb.JPG,,,PB104,Animal,Polar Bear,,,,,463,2591,597,2741,463,2591,597,2741,true,adult-bad_res
-1,060_polar_bear_2019_fl19_R_20190525_014005.905993_rgb.JPG,,,PB105,Animal,Polar Bear,,,,,2,1309,148,1437,2,1309,148,1437,true,adult-bad_res
-1,060_polar_bear_2019_fl19_R_20190525_014005.905993_rgb.JPG,,,PB105s,Animal,Polar Bear,,,,,2,1309,221,1548,2,1309,221,1548,true,adult-bad_res
-1,061_polar_bear_2019_fl19_R_20190525_014006.413916_rgb.JPG,,,PB105,Animal,Polar Bear,,,,,282,3692,519,3836,282,3692,519,3836,true,adult-bad_res
-1,061_polar_bear_2019_fl19_R_20190525_014006.413916_rgb.JPG,,,PB105s,Animal,Polar Bear,,,,,281,3692,582,3938,281,3692,582,3938,true,adult-bad_res
-1,062_polar_bear_2019_fl19_C_20190525_014341.377050_rgb.JPG,,,PB105,Animal,Polar Bear,,,,,5195,2269,5484,2370,5195,2269,5484,2370,true,adult
-1,063_polar_bear_2019_fl19_C_20190525_014626.024530_rgb.JPG,,,PB105,Animal,Polar Bear,,,,,2840,1,3044,178,2840,1,3044,178,true,adult
-1,064_polar_bear_2019_fl19_C_20190525_014626.376588_rgb.JPG,,,PB105,Animal,Polar Bear,,,,,2796,2381,3078,2575,2796,2381,3078,2575,true,adult
-1,065_polar_bear_2019_fl19_C_20190525_014917.368638_rgb.JPG,,,PB105,Animal,Polar Bear,,,,,270,1009,573,1155,270,1009,573,1155,true,adult
-1,066_polar_bear_2019_fl19_C_20190525_014917.687698_rgb.JPG,,,PB105,Animal,Polar Bear,,,,,194,3492,555,3641,194,3492,555,3641,true,adult
-1,067_polar_bear_2019_fl19_C_20190525_020648.151950_rgb.JPG,,,PB106,Animal,Polar Bear,,,,,946,701,1123,778,946,701,1123,778,true,adult
-1,067_polar_bear_2019_fl19_C_20190525_020648.151950_rgb.JPG,,,PB106s,Animal,Polar Bear,,,,,946,700,1148,885,946,700,1148,885,true,adult
-1,067_polar_bear_2019_fl19_C_20190525_020648.151950_rgb.JPG,,,PB107,Animal,Polar Bear,,,,,1002,678,1073,725,1002,678,1073,725,true,cub
-1,068_polar_bear_2019_fl19_C_20190525_020648.913795_rgb.JPG,,,PB106,Animal,Polar Bear,,,,,878,3243,1049,3329,878,3243,1049,3329,true,adult
-1,068_polar_bear_2019_fl19_C_20190525_020648.913795_rgb.JPG,,,PB106s,Animal,Polar Bear,,,,,877,3242,1083,3440,877,3242,1083,3440,true,adult
-1,068_polar_bear_2019_fl19_C_20190525_020648.913795_rgb.JPG,,,PB107,Animal,Polar Bear,,,,,906,3230,996,3276,906,3230,996,3276,true,cub
-1,CHESS_ru_2016-04-18 13-25-41_1682_R.JPG,,,PB201,Animal,Polar Bear,,,,,3805,1279,3860,1329,3805,1279,3860,1329,true,UNK
-1,CHESS_ru_2016-04-18 13-25-42_1683_R.JPG,,,PB201,Animal,Polar Bear,,,,,3747,3446,3812,3493,3747,3446,3812,3493,true,UNK
-1,CHESS_ru_2016-04-25 10-59-14_2512_L.JPG,,,PB202,Animal,Polar Bear,,,,,404,578,443,634,404,578,443,634,true,UNK
-1,CHESS_ru_2016-04-25 10-59-14_2512_L.JPG,,,PB203,Animal,Polar Bear,,,,,414,565,450,634,414,565,450,634,true,UNK
-1,CHESS_ru_2016-04-25 11-06-03_2568_L.JPG,,,PB204,Animal,Polar Bear,,,,,230,1258,287,1311,230,1258,287,1311,true,UNK
-1,CHESS_ru_2016-04-25 11-06-04_2569_L.JPG,,,PB204,Animal,Polar Bear,,,,,141,3166,204,3212,141,3166,204,3212,true,UNK
-1,CHESS_ru_2016-04-25 11-06-04_2569_L.JPG,,,PB204s,Animal,Polar Bear,,,,,140,3147,204,3212,140,3147,204,3212,true,UNK
-1,CHESS_ru_2016-04-25 13-50-46_1257_R.JPG,,,PB205,Animal,Polar Bear,,,,,6491,656,6538,714,6491,656,6538,714,true,UNK
-1,CHESS_ru_2016-04-25 13-50-46_1257_R.JPG,,,PB205s,Animal,Polar Bear,,,,,6475,657,6538,714,6475,657,6538,714,true,UNK
-1,CHESS_ru_2016-04-25 13-59-31_1410_R.JPG,,,PB206,Animal,Polar Bear,,,,,6129,551,6182,602,6129,551,6182,602,true,UNK
-1,CHESS_ru_2016-04-25 13-59-32_1411_R.JPG,,,PB206,Animal,Polar Bear,,,,,6166,1565,6214,1622,6166,1565,6214,1622,true,UNK
-1,CHESS_ru_2016-04-25 13-59-33_1412_R.JPG,,,PB206,Animal,Polar Bear,,,,,6258,3797,6314,3854,6258,3797,6314,3854,true,UNK
-1,CHESS_ru_2016-04-25 14-09-54_2051_r_C.JPG,,,PB207,Animal,Polar Bear,,,,,5800,2949,5848,3028,5800,2949,5848,3028,true,UNK
-1,CHESS_ru_2016-04-25 14-09-54_2051_r_C.JPG,,,PB208,Animal,Polar Bear,,,,,5792,2969,5832,3028,5792,2969,5832,3028,true,UNK
-1,CHESS_ru_2016-04-25 14-21-36_0652_L.JPG,,,PB209,Animal,Polar Bear,,,,,3201,2985,3250,3055,3201,2985,3250,3055,true,UNK
-1,CHESS_ru_2016-04-25 14-21-36_0652_L.JPG,,,PB210,Animal,Polar Bear,,,,,3188,2961,3240,3055,3188,2961,3240,3055,true,UNK
-1,CHESS_ru_2016-04-25 14-21-36_0652_L.JPG,,,PB210s,Animal,Polar Bear,,,,,3188,2911,3242,3055,3188,2911,3242,3055,true,UNK
-1,CHESS_ru_2016-04-25 14-21-36_0652_L.JPG,,,PB211,Animal,Polar Bear,,,,,3178,2863,3240,3055,3178,2863,3240,3055,true,UNK
-1,CHESS_ru_2016-04-25 14-21-36_0652_L.JPG,,,PB211s,Animal,Polar Bear,,,,,3178,2817,3240,3055,3178,2817,3240,3055,true,UNK
-1,CHESS_ru_2016-04-25 15-08-38_2037_R.JPG,,,PB212,Animal,Polar Bear,,,,,4781,4433,4874,4500,4781,4433,4874,4500,true,UNK
-1,CHESS_ru_2016-04-26 11-24-29_0142_1L.JPG,,,PB213,Animal,Polar Bear,,,,,2155,4182,2261,4264,2155,4182,2261,4264,true,UNK
-1,CHESS_ru_2016-04-26 13-04-55_1101_r_3C.JPG,,,PB214,Animal,Polar Bear,,,,,2172,4314,2282,4405,2172,4314,2282,4405,true,UNK
-1,CHESS_ru_2016-04-26 13-04-55_1101_r_3C.JPG,,,PB214s,Animal,Polar Bear,,,,,2171,4313,2287,4405,2171,4313,2287,4405,true,UNK
-1,CHESS_ru_2016-05-12 11-30-06_0101_2R.JPG,,,PB215,Animal,Polar Bear,,,,,5058,686,5113,728,5058,686,5113,728,true,UNK
-1,CHESS_ru_2016-05-12 11-30-07_0102_2R.JPG,,,,Animal,Polar Bear,,,,,5040,4202,5072,4227,5040,4202,5072,4227,true,none
-1,CHESS_ru_2016-05-12 11-30-07_0102_2R.JPG,,,,Animal,Polar Bear,,,,,5018,4218,5058,4240,5018,4218,5058,4240,true,none
-1,CHESS_ru_2016-05-12 11-30-16_1160_r_3C.JPG,,,,Animal,Polar Bear,,,,,502,2238,535,2274,502,2238,535,2274,true,none
-1,CHESS_ru_2016-05-12 11-30-16_1160_r_3C.JPG,,,,Animal,Polar Bear,,,,,483,2224,513,2265,483,2224,513,2265,true,none
-1,CHESS_ru_2016-05-12 11-30-16_1160_r_3C.JPG,,,,Animal,Polar Bear,,,,,529,2122,595,2196,529,2122,595,2196,true,none
-1,CHESS_ru_2016-05-12 11-44-33_0337_2R.JPG,,,,Animal,Polar Bear,,,,,4309,852,4359,896,4309,852,4359,896,true,none
-1,CHESS_ru_2016-05-12 11-44-33_0338_2R.JPG,,,,Animal,Polar Bear,,,,,4131,3108,4177,3160,4131,3108,4177,3160,true,none
-1,CHESS_ru_2016-05-12 12-24-40_0910_2R.JPG,,,,Animal,Polar Bear,,,,,5235,1520,5361,1608,5235,1520,5361,1608,true,none
-1,CHESS_ru_2016-05-12 13-35-04_2618_1L.JPG,,,,Animal,Polar Bear,,,,,1404,1429,1476,1520,1404,1429,1476,1520,true,none
-1,CHESS_ru_2016-05-12 14-20-10_2145_2R.JPG,,,,Animal,Polar Bear,,,,,856,1654,888,1698,856,1654,888,1698,true,none
-1,CHESS_ru_2016-05-12 14-20-10_2145_2R.JPG,,,,Animal,Polar Bear,,,,,883,1322,946,1402,883,1322,946,1402,true,none
-1,CHESS_ru_2016-05-12 14-20-11_2146_2R.JPG,,,,Animal,Polar Bear,,,,,818,4243,839,4283,818,4243,839,4283,true,none
-1,CHESS_ru_2016-05-12 14-20-11_2146_2R.JPG,,,,Animal,Polar Bear,,,,,824,3946,893,4004,824,3946,893,4004,true,none
-1,CHESS_ru_2016-05-12 14-38-06_2372_2R.JPG,,,,Animal,Polar Bear,,,,,5967,107,6005,157,5967,107,6005,157,true,none
-1,CHESS_ru_2016-05-12 14-38-07_2373_2R.JPG,,,,Animal,Polar Bear,,,,,5962,2028,6005,2051,5962,2028,6005,2051,true,none
-1,CHESS_ru_2016-05-12 14-38-08_2374_2R.JPG,,,,Animal,Polar Bear,,,,,5939,3890,5972,3914,5939,3890,5972,3914,true,none
-1,CHESS_ru_2016-05-12 14-38-08_2374_2R.JPG,,,,Animal,Polar Bear,,,,,5920,3895,5941,3911,5920,3895,5941,3911,true,none
-1,CHESS_ru_2016-05-12 14-38-08_2374_2R.JPG,,,,Animal,Polar Bear,,,,,5902,3909,5920,3926,5902,3909,5920,3926,true,none
-1,CHESS_ru_2016-05-13 10-16-56_0023_1L.JPG,,,,Animal,Polar Bear,,,,,1477,862,1509,917,1477,862,1509,917,true,none
-1,CHESS_ru_2016-05-13 10-16-57_0024_1L.JPG,,,,Animal,Polar Bear,,,,,1516,3858,1550,3905,1516,3858,1550,3905,true,none
-1,CHESS_ru_2016-05-13 11-33-21_0855_2R.JPG,,,,Animal,Polar Bear,,,,,6118,4694,6159,4730,6118,4694,6159,4730,true,none
-1,CHESS_ru_2016-05-13 12-14-24_1226_2R.JPG,,,,Animal,Polar Bear,,,,,335,3853,415,3920,335,3853,415,3920,true,none
-1,CHESS_ru_2016-05-13 15-06-07_2768_1L.JPG,,,,Animal,Polar Bear,,,,,1245,1132,1284,1192,1245,1132,1284,1192,true,none
-1,CHESS_ru_2016-05-13 15-06-08_2769_1L.JPG,,,,Animal,Polar Bear,,,,,1161,3797,1206,3823,1161,3797,1206,3823,true,none
-1,CHESS_ru_2016-05-18 11-43-50_1486_1L.JPG,,,,Animal,Polar Bear,,,,,2454,4217,2531,4256,2454,4217,2531,4256,true,none
-1,CHESS_ru_2016-05-18 12-24-54_3956_2R.JPG,,,,Animal,Polar Bear,,,,,2957,2916,3018,2958,2957,2916,3018,2958,true,none
-1,CHESS_ru_2016-05-18 12-34-25_2003_r_3C.JPG,,,,Animal,Polar Bear,,,,,4913,3507,4976,3587,4913,3507,4976,3587,true,none
-1,CHESS_ru_2016-05-18 12-39-15_2042_r_3C.JPG,,,,Animal,Polar Bear,,,,,3747,4063,3785,4130,3747,4063,3785,4130,true,none
-1,CHESS_ru_2016-05-18 12-39-15_2042_r_3C.JPG,,,,Animal,Polar Bear,,,,,3733,4131,3767,4198,3733,4131,3767,4198,true,none
-1,CHESS_ru_2016-05-18 12-39-15_2042_r_3C.JPG,,,,Animal,Polar Bear,,,,,3748,4206,3788,4265,3748,4206,3788,4265,true,none
-1,CHESS_ru_2016-05-18 12-51-06_4215_2R.JPG,,,,Animal,Polar Bear,,,,,6647,4006,6692,4045,6647,4006,6692,4045,true,none
-1,CHESS_ru_2016-05-18 13-40-17_2481_r_3C.JPG,,,,Animal,Polar Bear,,,,,3911,3183,3947,3281,3911,3183,3947,3281,true,none
